"Home_Team","Home_Team_Win_Pct","Pct_Win_Home","Home_Odds","Away_Team","Away_Team_Win_Pct","Pct_Win_Away","Away_Odds"
"NYY",0.658245010625389,0.682000476633022,1.46627463508078,"BOS",0.517848850577331,0.277999523366978,3.5971284694612
"CHC",0.441641107631328,0.455394754030218,2.19589705667458,"MIL",0.526775159623949,0.504605245969782,1.98174713399608
"WSN",NA,NA,NA,"NYM",NA,NA,NA
"MIN",0.544062231243727,0.522418795800019,1.91417308879292,"SEA",0.561453012938118,0.437581204199981,2.28529011393045
"KCR",0.451380629566214,0.417224032487565,2.39679386165226,"CLE",0.575970558329581,0.542775967512435,1.84238076085616
"STL",0.518361760048705,0.581507042799504,1.7196696280509,"PIT",0.476783941482668,0.378492957200496,2.64205708712904
"ATL",0.533276555788806,0.624863743140162,1.60034889362382,"CIN",0.447823431751444,0.335136256859838,2.98386098051523
"LAA",0.578340216916796,0.547587361380692,1.82619262336258,"HOU",0.57092147717397,0.412412638619308,2.42475595158248
"ARI",0.430385893870475,0.381850911402754,2.61882313263686,"SDP",0.59261345971674,0.578149088597246,1.72965766049426
